{"cameraMode":{"drawMode":0,"name":"Shaded","section":"Shading Mode"},"sceneLighting":true,"audioPlay":false,"sceneViewState":{"m_AlwaysRefresh":false,"showFog":true,"showSkybox":true,"showFlares":true,"showImageEffects":true,"showParticleSystems":true,"showVisualEffectGraphs":true,"m_FxEnabled":false},"in2DMode":false,"pivot":{"x":-12.039999961853028,"y":2.380000114440918,"z":8.339372634887696},"rotation":{"x":-0.28001171350479128,"y":0.16654261946678163,"z":-0.049390606582164767,"w":-0.9441560506820679},"size":19.672168731689454,"orthographic":true}